filename,Use_EWC,optimizer,scheduler,learned_percent,learning_rate,times,average_train_loss,mean_absolute_error,,,filename,optimizer_T_Test,EWC_T_Test
dataset/Stock_1.csv,No,Adam,StepLR:1,0.99,0.001,1,1.424903,125.82464,,,Stock_1.csv,4.57E-18,-0.006985192
dataset/Stock_1.csv,No,Adam,StepLR:1,0.99,0.001,2,0.29104,70.7005,,,Stock_2.csv,0.000101169,1.03415E-49
dataset/Stock_1.csv,No,Adam,StepLR:1,0.99,0.001,3,0.047407,79.27271,,,Stock_3.csv,1.53E-36,6.19438E-60
dataset/Stock_1.csv,No,Adam,StepLR:1,0.99,0.001,4,0.034577,72.42322,,,,,
dataset/Stock_1.csv,No,Adam,StepLR:1,0.99,0.001,5,0.02963,67.46206,,,,,
dataset/Stock_1.csv,No,Adam,StepLR:1,0.99,0.001,6,0.026713,64.95466,,,,,
dataset/Stock_1.csv,No,Adam,StepLR:1,0.99,0.001,7,0.0249,61.2496,,,,,
dataset/Stock_1.csv,No,Adam,StepLR:1,0.99,0.001,8,0.023667,59.58916,,,,,
dataset/Stock_1.csv,No,Adam,StepLR:1,0.99,0.001,9,0.022856,57.65025,,,,,
dataset/Stock_1.csv,No,Adam,StepLR:1,0.99,0.001,10,0.022293,57.07264,,,,,
dataset/Stock_1.csv,No,Adam,StepLR:1,0.99,0.001,11,0.021906,56.38806,,,,,
dataset/Stock_1.csv,No,Adam,StepLR:1,0.99,0.001,12,0.021623,56.24078,,,,,
dataset/Stock_1.csv,No,Adam,StepLR:1,0.99,0.001,13,0.021434,56.13893,,,,,
dataset/Stock_1.csv,No,Adam,StepLR:1,0.99,0.001,14,0.021291,55.69762,,,,,
dataset/Stock_1.csv,No,Adam,StepLR:1,0.99,0.001,15,0.02119,55.54741,,,,,
dataset/Stock_1.csv,No,Adam,StepLR:1,0.99,0.001,16,0.021116,55.40381,,,,,
dataset/Stock_1.csv,No,Adam,StepLR:1,0.99,0.001,17,0.021068,55.32591,,,,,
dataset/Stock_1.csv,No,Adam,StepLR:1,0.99,0.001,18,0.021029,55.29007,,,,,
dataset/Stock_1.csv,No,Adam,StepLR:1,0.99,0.001,19,0.021003,55.29613,,,,,
dataset/Stock_1.csv,No,Adam,StepLR:1,0.99,0.001,20,0.020984,55.26622,,,,,
dataset/Stock_1.csv,No,Adam,StepLR:1,0.99,0.001,21,0.020971,55.23732,,,,,
dataset/Stock_1.csv,No,Adam,StepLR:1,0.99,0.001,22,0.020961,55.22903,,,,,
dataset/Stock_1.csv,No,Adam,StepLR:1,0.99,0.001,23,0.020954,55.22788,,,,,
dataset/Stock_1.csv,No,Adam,StepLR:1,0.99,0.001,24,0.020949,55.22026,,,,,
dataset/Stock_1.csv,No,Adam,StepLR:1,0.99,0.001,25,0.020946,55.21538,,,,,
dataset/Stock_1.csv,No,Adam,StepLR:1,0.99,0.001,26,0.020943,55.21316,,,,,
dataset/Stock_1.csv,No,Adam,StepLR:1,0.99,0.001,27,0.020941,55.21329,,,,,
dataset/Stock_1.csv,No,Adam,StepLR:1,0.99,0.001,28,0.02094,55.21075,,,,,
dataset/Stock_1.csv,No,Adam,StepLR:1,0.99,0.001,29,0.020939,55.20929,,,,,
dataset/Stock_1.csv,No,Adam,StepLR:1,0.99,0.001,30,0.020939,55.21003,,,,,
dataset/Stock_1.csv,No,Adam,StepLR:1,0.99,0.001,31,0.020938,55.20933,,,,,
dataset/Stock_1.csv,No,Adam,StepLR:1,0.99,0.001,32,0.020938,55.20848,,,,,
dataset/Stock_1.csv,No,Adam,StepLR:1,0.99,0.001,33,0.020938,55.20769,,,,,
dataset/Stock_1.csv,No,Adam,StepLR:1,0.99,0.001,34,0.020938,55.20767,,,,,
dataset/Stock_1.csv,No,Adam,StepLR:1,0.99,0.001,35,0.020937,55.20741,,,,,
dataset/Stock_1.csv,No,Adam,StepLR:1,0.99,0.001,36,0.020937,55.20733,,,,,
dataset/Stock_1.csv,No,Adam,StepLR:1,0.99,0.001,37,0.020937,55.20727,,,,,
dataset/Stock_1.csv,No,Adam,StepLR:1,0.99,0.001,38,0.020937,55.20725,,,,,
dataset/Stock_1.csv,No,Adam,StepLR:1,0.99,0.001,39,0.020937,55.20722,,,,,
dataset/Stock_1.csv,No,Adam,StepLR:1,0.99,0.001,40,0.020937,55.20721,,,,,
dataset/Stock_1.csv,No,Adam,StepLR:1,0.99,0.001,41,0.020937,55.2072,,,,,
dataset/Stock_1.csv,No,Adam,StepLR:1,0.99,0.001,42,0.020937,55.20721,,,,,
dataset/Stock_1.csv,No,Adam,StepLR:1,0.99,0.001,43,0.020937,55.2072,,,,,
dataset/Stock_1.csv,No,Adam,StepLR:1,0.99,0.001,44,0.020937,55.2072,,,,,
dataset/Stock_1.csv,No,Adam,StepLR:1,0.99,0.001,45,0.020937,55.2072,,,,,
dataset/Stock_1.csv,No,Adam,StepLR:1,0.99,0.001,46,0.020937,55.2072,,,,,
dataset/Stock_1.csv,No,Adam,StepLR:1,0.99,0.001,47,0.020937,55.2072,,,,,
dataset/Stock_1.csv,No,Adam,StepLR:1,0.99,0.001,48,0.020937,55.2072,,,,,
dataset/Stock_1.csv,No,Adam,StepLR:1,0.99,0.001,49,0.020937,55.2072,,,,,
dataset/Stock_1.csv,No,Adam,StepLR:1,0.99,0.001,50,0.020937,55.2072,,,,,
dataset/Stock_2.csv,No,Adam,StepLR:1,0.99,0.001,1,3.648711,638.0551,,,,,
dataset/Stock_2.csv,No,Adam,StepLR:1,0.99,0.001,2,2.36389,488.97588,,,,,
dataset/Stock_2.csv,No,Adam,StepLR:1,0.99,0.001,3,1.366442,357.25499,,,,,
dataset/Stock_2.csv,No,Adam,StepLR:1,0.99,0.001,4,0.724052,253.12389,,,,,
dataset/Stock_2.csv,No,Adam,StepLR:1,0.99,0.001,5,0.388862,184.51247,,,,,
dataset/Stock_2.csv,No,Adam,StepLR:1,0.99,0.001,6,0.227186,143.9573,,,,,
dataset/Stock_2.csv,No,Adam,StepLR:1,0.99,0.001,7,0.149334,116.43827,,,,,
dataset/Stock_2.csv,No,Adam,StepLR:1,0.99,0.001,8,0.108662,100.22358,,,,,
dataset/Stock_2.csv,No,Adam,StepLR:1,0.99,0.001,9,0.08647,88.46937,,,,,
dataset/Stock_2.csv,No,Adam,StepLR:1,0.99,0.001,10,0.073327,81.19524,,,,,
dataset/Stock_2.csv,No,Adam,StepLR:1,0.99,0.001,11,0.065284,75.9895,,,,,
dataset/Stock_2.csv,No,Adam,StepLR:1,0.99,0.001,12,0.060111,72.27412,,,,,
dataset/Stock_2.csv,No,Adam,StepLR:1,0.99,0.001,13,0.0566,70.00952,,,,,
dataset/Stock_2.csv,No,Adam,StepLR:1,0.99,0.001,14,0.054242,68.18537,,,,,
dataset/Stock_2.csv,No,Adam,StepLR:1,0.99,0.001,15,0.052621,66.93706,,,,,
dataset/Stock_2.csv,No,Adam,StepLR:1,0.99,0.001,16,0.05149,66.08711,,,,,
dataset/Stock_2.csv,No,Adam,StepLR:1,0.99,0.001,17,0.050691,65.40611,,,,,
dataset/Stock_2.csv,No,Adam,StepLR:1,0.99,0.001,18,0.050126,64.94106,,,,,
dataset/Stock_2.csv,No,Adam,StepLR:1,0.99,0.001,19,0.049721,64.62564,,,,,
dataset/Stock_2.csv,No,Adam,StepLR:1,0.99,0.001,20,0.049437,64.37661,,,,,
dataset/Stock_2.csv,No,Adam,StepLR:1,0.99,0.001,21,0.049231,64.20745,,,,,
dataset/Stock_2.csv,No,Adam,StepLR:1,0.99,0.001,22,0.049084,64.09608,,,,,
dataset/Stock_2.csv,No,Adam,StepLR:1,0.99,0.001,23,0.048981,64.00641,,,,,
dataset/Stock_2.csv,No,Adam,StepLR:1,0.99,0.001,24,0.048907,63.94449,,,,,
dataset/Stock_2.csv,No,Adam,StepLR:1,0.99,0.001,25,0.048853,63.90045,,,,,
dataset/Stock_2.csv,No,Adam,StepLR:1,0.99,0.001,26,0.048815,63.86916,,,,,
dataset/Stock_2.csv,No,Adam,StepLR:1,0.99,0.001,27,0.048788,63.84639,,,,,
dataset/Stock_2.csv,No,Adam,StepLR:1,0.99,0.001,28,0.048769,63.8299,,,,,
dataset/Stock_2.csv,No,Adam,StepLR:1,0.99,0.001,29,0.048755,63.8179,,,,,
dataset/Stock_2.csv,No,Adam,StepLR:1,0.99,0.001,30,0.048745,63.81045,,,,,
dataset/Stock_2.csv,No,Adam,StepLR:1,0.99,0.001,31,0.048738,63.80465,,,,,
dataset/Stock_2.csv,No,Adam,StepLR:1,0.99,0.001,32,0.048733,63.79934,,,,,
dataset/Stock_2.csv,No,Adam,StepLR:1,0.99,0.001,33,0.04873,63.79771,,,,,
dataset/Stock_2.csv,No,Adam,StepLR:1,0.99,0.001,34,0.048729,63.79691,,,,,
dataset/Stock_2.csv,No,Adam,StepLR:1,0.99,0.001,35,0.048728,63.79635,,,,,
dataset/Stock_2.csv,No,Adam,StepLR:1,0.99,0.001,36,0.048727,63.79612,,,,,
dataset/Stock_2.csv,No,Adam,StepLR:1,0.99,0.001,37,0.048727,63.79602,,,,,
dataset/Stock_2.csv,No,Adam,StepLR:1,0.99,0.001,38,0.048727,63.79594,,,,,
dataset/Stock_2.csv,No,Adam,StepLR:1,0.99,0.001,39,0.048727,63.79592,,,,,
dataset/Stock_2.csv,No,Adam,StepLR:1,0.99,0.001,40,0.048727,63.79589,,,,,
dataset/Stock_2.csv,No,Adam,StepLR:1,0.99,0.001,41,0.048727,63.7959,,,,,
dataset/Stock_2.csv,No,Adam,StepLR:1,0.99,0.001,42,0.048727,63.7959,,,,,
dataset/Stock_2.csv,No,Adam,StepLR:1,0.99,0.001,43,0.048727,63.7959,,,,,
dataset/Stock_2.csv,No,Adam,StepLR:1,0.99,0.001,44,0.048727,63.7959,,,,,
dataset/Stock_2.csv,No,Adam,StepLR:1,0.99,0.001,45,0.048727,63.7959,,,,,
dataset/Stock_2.csv,No,Adam,StepLR:1,0.99,0.001,46,0.048727,63.7959,,,,,
dataset/Stock_2.csv,No,Adam,StepLR:1,0.99,0.001,47,0.048727,63.7959,,,,,
dataset/Stock_2.csv,No,Adam,StepLR:1,0.99,0.001,48,0.048727,63.7959,,,,,
dataset/Stock_2.csv,No,Adam,StepLR:1,0.99,0.001,49,0.048727,63.7959,,,,,
dataset/Stock_2.csv,No,Adam,StepLR:1,0.99,0.001,50,0.048727,63.7959,,,,,
dataset/Stock_3.csv,No,Adam,StepLR:1,0.99,0.001,1,1.192705,263.55357,,,,,
dataset/Stock_3.csv,No,Adam,StepLR:1,0.99,0.001,2,0.791743,214.03479,,,,,
dataset/Stock_3.csv,No,Adam,StepLR:1,0.99,0.001,3,0.505046,161.10319,,,,,
dataset/Stock_3.csv,No,Adam,StepLR:1,0.99,0.001,4,0.307909,119.30512,,,,,
dataset/Stock_3.csv,No,Adam,StepLR:1,0.99,0.001,5,0.194566,91.85461,,,,,
dataset/Stock_3.csv,No,Adam,StepLR:1,0.99,0.001,6,0.133795,72.17283,,,,,
dataset/Stock_3.csv,No,Adam,StepLR:1,0.99,0.001,7,0.100582,61.94891,,,,,
dataset/Stock_3.csv,No,Adam,StepLR:1,0.99,0.001,8,0.081917,56.12063,,,,,
dataset/Stock_3.csv,No,Adam,StepLR:1,0.99,0.001,9,0.070724,52.08837,,,,,
dataset/Stock_3.csv,No,Adam,StepLR:1,0.99,0.001,10,0.063826,49.42193,,,,,
dataset/Stock_3.csv,No,Adam,StepLR:1,0.99,0.001,11,0.059346,47.62926,,,,,
dataset/Stock_3.csv,No,Adam,StepLR:1,0.99,0.001,12,0.056359,46.24132,,,,,
dataset/Stock_3.csv,No,Adam,StepLR:1,0.99,0.001,13,0.054345,45.44638,,,,,
dataset/Stock_3.csv,No,Adam,StepLR:1,0.99,0.001,14,0.052952,44.98033,,,,,
dataset/Stock_3.csv,No,Adam,StepLR:1,0.99,0.001,15,0.05198,44.60318,,,,,
dataset/Stock_3.csv,No,Adam,StepLR:1,0.99,0.001,16,0.051297,44.36427,,,,,
dataset/Stock_3.csv,No,Adam,StepLR:1,0.99,0.001,17,0.050815,44.18599,,,,,
dataset/Stock_3.csv,No,Adam,StepLR:1,0.99,0.001,18,0.050474,44.06432,,,,,
dataset/Stock_3.csv,No,Adam,StepLR:1,0.99,0.001,19,0.050233,43.96951,,,,,
dataset/Stock_3.csv,No,Adam,StepLR:1,0.99,0.001,20,0.05006,43.90561,,,,,
dataset/Stock_3.csv,No,Adam,StepLR:1,0.99,0.001,21,0.049939,43.85774,,,,,
dataset/Stock_3.csv,No,Adam,StepLR:1,0.99,0.001,22,0.049852,43.82624,,,,,
dataset/Stock_3.csv,No,Adam,StepLR:1,0.99,0.001,23,0.04979,43.80293,,,,,
dataset/Stock_3.csv,No,Adam,StepLR:1,0.99,0.001,24,0.049747,43.78632,,,,,
dataset/Stock_3.csv,No,Adam,StepLR:1,0.99,0.001,25,0.049715,43.77451,,,,,
dataset/Stock_3.csv,No,Adam,StepLR:1,0.99,0.001,26,0.049693,43.76582,,,,,
dataset/Stock_3.csv,No,Adam,StepLR:1,0.99,0.001,27,0.049677,43.75984,,,,,
dataset/Stock_3.csv,No,Adam,StepLR:1,0.99,0.001,28,0.049666,43.75574,,,,,
dataset/Stock_3.csv,No,Adam,StepLR:1,0.99,0.001,29,0.049658,43.75284,,,,,
dataset/Stock_3.csv,No,Adam,StepLR:1,0.99,0.001,30,0.049652,43.75062,,,,,
dataset/Stock_3.csv,No,Adam,StepLR:1,0.99,0.001,31,0.049648,43.74916,,,,,
dataset/Stock_3.csv,No,Adam,StepLR:1,0.99,0.001,32,0.049645,43.74805,,,,,
dataset/Stock_3.csv,No,Adam,StepLR:1,0.99,0.001,33,0.049643,43.74697,,,,,
dataset/Stock_3.csv,No,Adam,StepLR:1,0.99,0.001,34,0.049642,43.74671,,,,,
dataset/Stock_3.csv,No,Adam,StepLR:1,0.99,0.001,35,0.049642,43.7465,,,,,
dataset/Stock_3.csv,No,Adam,StepLR:1,0.99,0.001,36,0.049641,43.74643,,,,,
dataset/Stock_3.csv,No,Adam,StepLR:1,0.99,0.001,37,0.049641,43.74638,,,,,
dataset/Stock_3.csv,No,Adam,StepLR:1,0.99,0.001,38,0.049641,43.74636,,,,,
dataset/Stock_3.csv,No,Adam,StepLR:1,0.99,0.001,39,0.049641,43.74635,,,,,
dataset/Stock_3.csv,No,Adam,StepLR:1,0.99,0.001,40,0.049641,43.74635,,,,,
dataset/Stock_3.csv,No,Adam,StepLR:1,0.99,0.001,41,0.049641,43.74634,,,,,
dataset/Stock_3.csv,No,Adam,StepLR:1,0.99,0.001,42,0.049641,43.74634,,,,,
dataset/Stock_3.csv,No,Adam,StepLR:1,0.99,0.001,43,0.049641,43.74634,,,,,
dataset/Stock_3.csv,No,Adam,StepLR:1,0.99,0.001,44,0.049641,43.74634,,,,,
dataset/Stock_3.csv,No,Adam,StepLR:1,0.99,0.001,45,0.049641,43.74634,,,,,
dataset/Stock_3.csv,No,Adam,StepLR:1,0.99,0.001,46,0.049641,43.74634,,,,,
dataset/Stock_3.csv,No,Adam,StepLR:1,0.99,0.001,47,0.049641,43.74634,,,,,
dataset/Stock_3.csv,No,Adam,StepLR:1,0.99,0.001,48,0.049641,43.74634,,,,,
dataset/Stock_3.csv,No,Adam,StepLR:1,0.99,0.001,49,0.049641,43.74635,,,,,
dataset/Stock_3.csv,No,Adam,StepLR:1,0.99,0.001,50,0.049641,43.74634,,,,,
dataset/Stock_1.csv,No,SGD,StepLR:1,0.99,0.001,1,1.204664,54.0321,,,,,
dataset/Stock_1.csv,No,SGD,StepLR:1,0.99,0.001,2,0.063748,108.66601,,,,,
dataset/Stock_1.csv,No,SGD,StepLR:1,0.99,0.001,3,0.027443,89.83928,,,,,
dataset/Stock_1.csv,No,SGD,StepLR:1,0.99,0.001,4,0.025281,93.71688,,,,,
dataset/Stock_1.csv,No,SGD,StepLR:1,0.99,0.001,5,0.02411,97.48406,,,,,
dataset/Stock_1.csv,No,SGD,StepLR:1,0.99,0.001,6,0.023331,91.31986,,,,,
dataset/Stock_1.csv,No,SGD,StepLR:1,0.99,0.001,7,0.022846,90.80392,,,,,
dataset/Stock_1.csv,No,SGD,StepLR:1,0.99,0.001,8,0.022443,86.9445,,,,,
dataset/Stock_1.csv,No,SGD,StepLR:1,0.99,0.001,9,0.02221,86.55,,,,,
dataset/Stock_1.csv,No,SGD,StepLR:1,0.99,0.001,10,0.022039,87.93026,,,,,
dataset/Stock_1.csv,No,SGD,StepLR:1,0.99,0.001,11,0.021919,87.04247,,,,,
dataset/Stock_1.csv,No,SGD,StepLR:1,0.99,0.001,12,0.021829,86.59592,,,,,
dataset/Stock_1.csv,No,SGD,StepLR:1,0.99,0.001,13,0.021777,86.81709,,,,,
dataset/Stock_1.csv,No,SGD,StepLR:1,0.99,0.001,14,0.021737,86.26541,,,,,
dataset/Stock_1.csv,No,SGD,StepLR:1,0.99,0.001,15,0.02171,86.29799,,,,,
dataset/Stock_1.csv,No,SGD,StepLR:1,0.99,0.001,16,0.021688,86.10757,,,,,
dataset/Stock_1.csv,No,SGD,StepLR:1,0.99,0.001,17,0.021676,86.26681,,,,,
dataset/Stock_1.csv,No,SGD,StepLR:1,0.99,0.001,18,0.021666,86.18564,,,,,
dataset/Stock_1.csv,No,SGD,StepLR:1,0.99,0.001,19,0.021658,86.36127,,,,,
dataset/Stock_1.csv,No,SGD,StepLR:1,0.99,0.001,20,0.021654,86.29415,,,,,
dataset/Stock_1.csv,No,SGD,StepLR:1,0.99,0.001,21,0.02165,86.27901,,,,,
dataset/Stock_1.csv,No,SGD,StepLR:1,0.99,0.001,22,0.021648,86.25993,,,,,
dataset/Stock_1.csv,No,SGD,StepLR:1,0.99,0.001,23,0.021646,86.27899,,,,,
dataset/Stock_1.csv,No,SGD,StepLR:1,0.99,0.001,24,0.021645,86.26904,,,,,
dataset/Stock_1.csv,No,SGD,StepLR:1,0.99,0.001,25,0.021645,86.26524,,,,,
dataset/Stock_1.csv,No,SGD,StepLR:1,0.99,0.001,26,0.021644,86.25938,,,,,
dataset/Stock_1.csv,No,SGD,StepLR:1,0.99,0.001,27,0.021644,86.26453,,,,,
dataset/Stock_1.csv,No,SGD,StepLR:1,0.99,0.001,28,0.021643,86.25954,,,,,
dataset/Stock_1.csv,No,SGD,StepLR:1,0.99,0.001,29,0.021643,86.26,,,,,
dataset/Stock_1.csv,No,SGD,StepLR:1,0.99,0.001,30,0.021643,86.26215,,,,,
dataset/Stock_1.csv,No,SGD,StepLR:1,0.99,0.001,31,0.021643,86.26225,,,,,
dataset/Stock_1.csv,No,SGD,StepLR:1,0.99,0.001,32,0.021643,86.26245,,,,,
dataset/Stock_1.csv,No,SGD,StepLR:1,0.99,0.001,33,0.021643,86.26214,,,,,
dataset/Stock_1.csv,No,SGD,StepLR:1,0.99,0.001,34,0.021643,86.2628,,,,,
dataset/Stock_1.csv,No,SGD,StepLR:1,0.99,0.001,35,0.021643,86.26277,,,,,
dataset/Stock_1.csv,No,SGD,StepLR:1,0.99,0.001,36,0.021643,86.26276,,,,,
dataset/Stock_1.csv,No,SGD,StepLR:1,0.99,0.001,37,0.021643,86.26274,,,,,
dataset/Stock_1.csv,No,SGD,StepLR:1,0.99,0.001,38,0.021643,86.26271,,,,,
dataset/Stock_1.csv,No,SGD,StepLR:1,0.99,0.001,39,0.021643,86.26271,,,,,
dataset/Stock_1.csv,No,SGD,StepLR:1,0.99,0.001,40,0.021643,86.2627,,,,,
dataset/Stock_1.csv,No,SGD,StepLR:1,0.99,0.001,41,0.021643,86.2627,,,,,
dataset/Stock_1.csv,No,SGD,StepLR:1,0.99,0.001,42,0.021643,86.2627,,,,,
dataset/Stock_1.csv,No,SGD,StepLR:1,0.99,0.001,43,0.021643,86.2627,,,,,
dataset/Stock_1.csv,No,SGD,StepLR:1,0.99,0.001,44,0.021643,86.2627,,,,,
dataset/Stock_1.csv,No,SGD,StepLR:1,0.99,0.001,45,0.021643,86.2627,,,,,
dataset/Stock_1.csv,No,SGD,StepLR:1,0.99,0.001,46,0.021643,86.2627,,,,,
dataset/Stock_1.csv,No,SGD,StepLR:1,0.99,0.001,47,0.021643,86.2627,,,,,
dataset/Stock_1.csv,No,SGD,StepLR:1,0.99,0.001,48,0.021643,86.2627,,,,,
dataset/Stock_1.csv,No,SGD,StepLR:1,0.99,0.001,49,0.021643,86.2627,,,,,
dataset/Stock_1.csv,No,SGD,StepLR:1,0.99,0.001,50,0.021643,86.2627,,,,,
dataset/Stock_2.csv,No,SGD,StepLR:1,0.99,0.001,1,3.064559,444.24165,,,,,
dataset/Stock_2.csv,No,SGD,StepLR:1,0.99,0.001,2,0.377787,64.20779,,,,,
dataset/Stock_2.csv,No,SGD,StepLR:1,0.99,0.001,3,0.014321,41.18638,,,,,
dataset/Stock_2.csv,No,SGD,StepLR:1,0.99,0.001,4,0.013773,47.25884,,,,,
dataset/Stock_2.csv,No,SGD,StepLR:1,0.99,0.001,5,0.013442,46.71718,,,,,
dataset/Stock_2.csv,No,SGD,StepLR:1,0.99,0.001,6,0.013197,45.67138,,,,,
dataset/Stock_2.csv,No,SGD,StepLR:1,0.99,0.001,7,0.013092,45.60616,,,,,
dataset/Stock_2.csv,No,SGD,StepLR:1,0.99,0.001,8,0.013021,45.19373,,,,,
dataset/Stock_2.csv,No,SGD,StepLR:1,0.99,0.001,9,0.012971,45.36832,,,,,
dataset/Stock_2.csv,No,SGD,StepLR:1,0.99,0.001,10,0.012933,45.80411,,,,,
dataset/Stock_2.csv,No,SGD,StepLR:1,0.99,0.001,11,0.012905,45.58463,,,,,
dataset/Stock_2.csv,No,SGD,StepLR:1,0.99,0.001,12,0.012893,45.24911,,,,,
dataset/Stock_2.csv,No,SGD,StepLR:1,0.99,0.001,13,0.012876,45.46835,,,,,
dataset/Stock_2.csv,No,SGD,StepLR:1,0.99,0.001,14,0.012868,45.43902,,,,,
dataset/Stock_2.csv,No,SGD,StepLR:1,0.99,0.001,15,0.012862,45.44544,,,,,
dataset/Stock_2.csv,No,SGD,StepLR:1,0.99,0.001,16,0.012858,45.42263,,,,,
dataset/Stock_2.csv,No,SGD,StepLR:1,0.99,0.001,17,0.012856,45.44804,,,,,
dataset/Stock_2.csv,No,SGD,StepLR:1,0.99,0.001,18,0.012853,45.42371,,,,,
dataset/Stock_2.csv,No,SGD,StepLR:1,0.99,0.001,19,0.012852,45.43595,,,,,
dataset/Stock_2.csv,No,SGD,StepLR:1,0.99,0.001,20,0.012851,45.42385,,,,,
dataset/Stock_2.csv,No,SGD,StepLR:1,0.99,0.001,21,0.01285,45.41649,,,,,
dataset/Stock_2.csv,No,SGD,StepLR:1,0.99,0.001,22,0.01285,45.43379,,,,,
dataset/Stock_2.csv,No,SGD,StepLR:1,0.99,0.001,23,0.01285,45.42587,,,,,
dataset/Stock_2.csv,No,SGD,StepLR:1,0.99,0.001,24,0.012849,45.42449,,,,,
dataset/Stock_2.csv,No,SGD,StepLR:1,0.99,0.001,25,0.012849,45.42475,,,,,
dataset/Stock_2.csv,No,SGD,StepLR:1,0.99,0.001,26,0.012849,45.42439,,,,,
dataset/Stock_2.csv,No,SGD,StepLR:1,0.99,0.001,27,0.012849,45.42434,,,,,
dataset/Stock_2.csv,No,SGD,StepLR:1,0.99,0.001,28,0.012849,45.42363,,,,,
dataset/Stock_2.csv,No,SGD,StepLR:1,0.99,0.001,29,0.012849,45.42343,,,,,
dataset/Stock_2.csv,No,SGD,StepLR:1,0.99,0.001,30,0.012849,45.42353,,,,,
dataset/Stock_2.csv,No,SGD,StepLR:1,0.99,0.001,31,0.012849,45.42338,,,,,
dataset/Stock_2.csv,No,SGD,StepLR:1,0.99,0.001,32,0.012849,45.42333,,,,,
dataset/Stock_2.csv,No,SGD,StepLR:1,0.99,0.001,33,0.012849,45.42349,,,,,
dataset/Stock_2.csv,No,SGD,StepLR:1,0.99,0.001,34,0.012849,45.42349,,,,,
dataset/Stock_2.csv,No,SGD,StepLR:1,0.99,0.001,35,0.012849,45.42349,,,,,
dataset/Stock_2.csv,No,SGD,StepLR:1,0.99,0.001,36,0.012849,45.42349,,,,,
dataset/Stock_2.csv,No,SGD,StepLR:1,0.99,0.001,37,0.012849,45.42349,,,,,
dataset/Stock_2.csv,No,SGD,StepLR:1,0.99,0.001,38,0.012849,45.42349,,,,,
dataset/Stock_2.csv,No,SGD,StepLR:1,0.99,0.001,39,0.012849,45.42349,,,,,
dataset/Stock_2.csv,No,SGD,StepLR:1,0.99,0.001,40,0.012849,45.42349,,,,,
dataset/Stock_2.csv,No,SGD,StepLR:1,0.99,0.001,41,0.012849,45.42349,,,,,
dataset/Stock_2.csv,No,SGD,StepLR:1,0.99,0.001,42,0.012849,45.42349,,,,,
dataset/Stock_2.csv,No,SGD,StepLR:1,0.99,0.001,43,0.012849,45.4235,,,,,
dataset/Stock_2.csv,No,SGD,StepLR:1,0.99,0.001,44,0.012849,45.42349,,,,,
dataset/Stock_2.csv,No,SGD,StepLR:1,0.99,0.001,45,0.012849,45.42349,,,,,
dataset/Stock_2.csv,No,SGD,StepLR:1,0.99,0.001,46,0.012849,45.42349,,,,,
dataset/Stock_2.csv,No,SGD,StepLR:1,0.99,0.001,47,0.012849,45.42349,,,,,
dataset/Stock_2.csv,No,SGD,StepLR:1,0.99,0.001,48,0.012849,45.42349,,,,,
dataset/Stock_2.csv,No,SGD,StepLR:1,0.99,0.001,49,0.012849,45.42349,,,,,
dataset/Stock_2.csv,No,SGD,StepLR:1,0.99,0.001,50,0.012849,45.42349,,,,,
dataset/Stock_3.csv,No,SGD,StepLR:1,0.99,0.001,1,1.238379,272.1037,,,,,
dataset/Stock_3.csv,No,SGD,StepLR:1,0.99,0.001,2,0.777688,220.37091,,,,,
dataset/Stock_3.csv,No,SGD,StepLR:1,0.99,0.001,3,0.469405,178.5775,,,,,
dataset/Stock_3.csv,No,SGD,StepLR:1,0.99,0.001,4,0.279197,146.44111,,,,,
dataset/Stock_3.csv,No,SGD,StepLR:1,0.99,0.001,5,0.17782,123.90827,,,,,
dataset/Stock_3.csv,No,SGD,StepLR:1,0.99,0.001,6,0.126799,109.92028,,,,,
dataset/Stock_3.csv,No,SGD,StepLR:1,0.99,0.001,7,0.099384,102.87944,,,,,
dataset/Stock_3.csv,No,SGD,StepLR:1,0.99,0.001,8,0.083881,96.60738,,,,,
dataset/Stock_3.csv,No,SGD,StepLR:1,0.99,0.001,9,0.074681,93.76747,,,,,
dataset/Stock_3.csv,No,SGD,StepLR:1,0.99,0.001,10,0.068774,91.23246,,,,,
dataset/Stock_3.csv,No,SGD,StepLR:1,0.99,0.001,11,0.065051,90.03976,,,,,
dataset/Stock_3.csv,No,SGD,StepLR:1,0.99,0.001,12,0.062501,88.71705,,,,,
dataset/Stock_3.csv,No,SGD,StepLR:1,0.99,0.001,13,0.060837,87.95493,,,,,
dataset/Stock_3.csv,No,SGD,StepLR:1,0.99,0.001,14,0.059696,87.47711,,,,,
dataset/Stock_3.csv,No,SGD,StepLR:1,0.99,0.001,15,0.058911,87.01754,,,,,
dataset/Stock_3.csv,No,SGD,StepLR:1,0.99,0.001,16,0.058369,86.80592,,,,,
dataset/Stock_3.csv,No,SGD,StepLR:1,0.99,0.001,17,0.057996,86.62503,,,,,
dataset/Stock_3.csv,No,SGD,StepLR:1,0.99,0.001,18,0.057737,86.50795,,,,,
dataset/Stock_3.csv,No,SGD,StepLR:1,0.99,0.001,19,0.057557,86.41336,,,,,
dataset/Stock_3.csv,No,SGD,StepLR:1,0.99,0.001,20,0.057427,86.35006,,,,,
dataset/Stock_3.csv,No,SGD,StepLR:1,0.99,0.001,21,0.05734,86.30172,,,,,
dataset/Stock_3.csv,No,SGD,StepLR:1,0.99,0.001,22,0.057278,86.27657,,,,,
dataset/Stock_3.csv,No,SGD,StepLR:1,0.99,0.001,23,0.057235,86.25573,,,,,
dataset/Stock_3.csv,No,SGD,StepLR:1,0.99,0.001,24,0.057205,86.2419,,,,,
dataset/Stock_3.csv,No,SGD,StepLR:1,0.99,0.001,25,0.057184,86.23147,,,,,
dataset/Stock_3.csv,No,SGD,StepLR:1,0.99,0.001,26,0.057169,86.22322,,,,,
dataset/Stock_3.csv,No,SGD,StepLR:1,0.99,0.001,27,0.057159,86.21813,,,,,
dataset/Stock_3.csv,No,SGD,StepLR:1,0.99,0.001,28,0.057151,86.21442,,,,,
dataset/Stock_3.csv,No,SGD,StepLR:1,0.99,0.001,29,0.057146,86.21233,,,,,
dataset/Stock_3.csv,No,SGD,StepLR:1,0.99,0.001,30,0.057143,86.21031,,,,,
dataset/Stock_3.csv,No,SGD,StepLR:1,0.99,0.001,31,0.05714,86.20912,,,,,
dataset/Stock_3.csv,No,SGD,StepLR:1,0.99,0.001,32,0.057139,86.20884,,,,,
dataset/Stock_3.csv,No,SGD,StepLR:1,0.99,0.001,33,0.057138,86.20868,,,,,
dataset/Stock_3.csv,No,SGD,StepLR:1,0.99,0.001,34,0.057138,86.20876,,,,,
dataset/Stock_3.csv,No,SGD,StepLR:1,0.99,0.001,35,0.057138,86.20879,,,,,
dataset/Stock_3.csv,No,SGD,StepLR:1,0.99,0.001,36,0.057138,86.20889,,,,,
dataset/Stock_3.csv,No,SGD,StepLR:1,0.99,0.001,37,0.057138,86.20891,,,,,
dataset/Stock_3.csv,No,SGD,StepLR:1,0.99,0.001,38,0.057138,86.20891,,,,,
dataset/Stock_3.csv,No,SGD,StepLR:1,0.99,0.001,39,0.057138,86.20892,,,,,
dataset/Stock_3.csv,No,SGD,StepLR:1,0.99,0.001,40,0.057138,86.20892,,,,,
dataset/Stock_3.csv,No,SGD,StepLR:1,0.99,0.001,41,0.057138,86.20892,,,,,
dataset/Stock_3.csv,No,SGD,StepLR:1,0.99,0.001,42,0.057138,86.20892,,,,,
dataset/Stock_3.csv,No,SGD,StepLR:1,0.99,0.001,43,0.057138,86.20892,,,,,
dataset/Stock_3.csv,No,SGD,StepLR:1,0.99,0.001,44,0.057138,86.20892,,,,,
dataset/Stock_3.csv,No,SGD,StepLR:1,0.99,0.001,45,0.057138,86.20892,,,,,
dataset/Stock_3.csv,No,SGD,StepLR:1,0.99,0.001,46,0.057138,86.20892,,,,,
dataset/Stock_3.csv,No,SGD,StepLR:1,0.99,0.001,47,0.057138,86.20892,,,,,
dataset/Stock_3.csv,No,SGD,StepLR:1,0.99,0.001,48,0.057138,86.20892,,,,,
dataset/Stock_3.csv,No,SGD,StepLR:1,0.99,0.001,49,0.057138,86.20892,,,,,
dataset/Stock_3.csv,No,SGD,StepLR:1,0.99,0.001,50,0.057138,86.20892,,,,,
dataset/Stock_1.csv,Yes,Adam,StepLR:1,0.99,0.001,1,1.466331,106.66768,EWC parameter1,,,,
dataset/Stock_1.csv,Yes,Adam,StepLR:1,0.99,0.001,2,0.301361,68.56398,,,,,
dataset/Stock_1.csv,Yes,Adam,StepLR:1,0.99,0.001,3,0.049917,83.23325,,,,,
dataset/Stock_1.csv,Yes,Adam,StepLR:1,0.99,0.001,4,0.035312,74.85533,,,,,
dataset/Stock_1.csv,Yes,Adam,StepLR:1,0.99,0.001,5,0.030426,70.35625,,,,,
dataset/Stock_1.csv,Yes,Adam,StepLR:1,0.99,0.001,6,0.027297,63.2687,,,,,
dataset/Stock_1.csv,Yes,Adam,StepLR:1,0.99,0.001,7,0.025418,63.35324,,,,,
dataset/Stock_1.csv,Yes,Adam,StepLR:1,0.99,0.001,8,0.024192,60.47149,,,,,
dataset/Stock_1.csv,Yes,Adam,StepLR:1,0.99,0.001,9,0.023361,59.65809,,,,,
dataset/Stock_1.csv,Yes,Adam,StepLR:1,0.99,0.001,10,0.022784,57.3175,,,,,
dataset/Stock_1.csv,Yes,Adam,StepLR:1,0.99,0.001,11,0.022397,57.13704,,,,,
dataset/Stock_1.csv,Yes,Adam,StepLR:1,0.99,0.001,12,0.02211,57.38968,,,,,
dataset/Stock_1.csv,Yes,Adam,StepLR:1,0.99,0.001,13,0.02191,56.72147,,,,,
dataset/Stock_1.csv,Yes,Adam,StepLR:1,0.99,0.001,14,0.021767,56.33668,,,,,
dataset/Stock_1.csv,Yes,Adam,StepLR:1,0.99,0.001,15,0.021664,56.29538,,,,,
dataset/Stock_1.csv,Yes,Adam,StepLR:1,0.99,0.001,16,0.021592,56.27755,,,,,
dataset/Stock_1.csv,Yes,Adam,StepLR:1,0.99,0.001,17,0.021538,56.24118,,,,,
dataset/Stock_1.csv,Yes,Adam,StepLR:1,0.99,0.001,18,0.021501,56.17615,,,,,
dataset/Stock_1.csv,Yes,Adam,StepLR:1,0.99,0.001,19,0.021474,56.13917,,,,,
dataset/Stock_1.csv,Yes,Adam,StepLR:1,0.99,0.001,20,0.021454,56.13125,,,,,
dataset/Stock_1.csv,Yes,Adam,StepLR:1,0.99,0.001,21,0.021441,56.12121,,,,,
dataset/Stock_1.csv,Yes,Adam,StepLR:1,0.99,0.001,22,0.021431,56.06141,,,,,
dataset/Stock_1.csv,Yes,Adam,StepLR:1,0.99,0.001,23,0.021423,56.07425,,,,,
dataset/Stock_1.csv,Yes,Adam,StepLR:1,0.99,0.001,24,0.021418,56.06463,,,,,
dataset/Stock_1.csv,Yes,Adam,StepLR:1,0.99,0.001,25,0.021415,56.05743,,,,,
dataset/Stock_1.csv,Yes,Adam,StepLR:1,0.99,0.001,26,0.021412,56.05161,,,,,
dataset/Stock_1.csv,Yes,Adam,StepLR:1,0.99,0.001,27,0.02141,56.05113,,,,,
dataset/Stock_1.csv,Yes,Adam,StepLR:1,0.99,0.001,28,0.021409,56.05028,,,,,
dataset/Stock_1.csv,Yes,Adam,StepLR:1,0.99,0.001,29,0.021408,56.05102,,,,,
dataset/Stock_1.csv,Yes,Adam,StepLR:1,0.99,0.001,30,0.021407,56.04919,,,,,
dataset/Stock_1.csv,Yes,Adam,StepLR:1,0.99,0.001,31,0.021407,56.04817,,,,,
dataset/Stock_1.csv,Yes,Adam,StepLR:1,0.99,0.001,32,0.021407,56.04746,,,,,
dataset/Stock_1.csv,Yes,Adam,StepLR:1,0.99,0.001,33,0.021407,56.0467,,,,,
dataset/Stock_1.csv,Yes,Adam,StepLR:1,0.99,0.001,34,0.021406,56.04641,,,,,
dataset/Stock_1.csv,Yes,Adam,StepLR:1,0.99,0.001,35,0.021406,56.04627,,,,,
dataset/Stock_1.csv,Yes,Adam,StepLR:1,0.99,0.001,36,0.021406,56.04621,,,,,
dataset/Stock_1.csv,Yes,Adam,StepLR:1,0.99,0.001,37,0.021406,56.04613,,,,,
dataset/Stock_1.csv,Yes,Adam,StepLR:1,0.99,0.001,38,0.021406,56.04611,,,,,
dataset/Stock_1.csv,Yes,Adam,StepLR:1,0.99,0.001,39,0.021406,56.04611,,,,,
dataset/Stock_1.csv,Yes,Adam,StepLR:1,0.99,0.001,40,0.021406,56.04607,,,,,
dataset/Stock_1.csv,Yes,Adam,StepLR:1,0.99,0.001,41,0.021406,56.04606,,,,,
dataset/Stock_1.csv,Yes,Adam,StepLR:1,0.99,0.001,42,0.021406,56.04606,,,,,
dataset/Stock_1.csv,Yes,Adam,StepLR:1,0.99,0.001,43,0.021406,56.04606,,,,,
dataset/Stock_1.csv,Yes,Adam,StepLR:1,0.99,0.001,44,0.021406,56.04606,,,,,
dataset/Stock_1.csv,Yes,Adam,StepLR:1,0.99,0.001,45,0.021406,56.04606,,,,,
dataset/Stock_1.csv,Yes,Adam,StepLR:1,0.99,0.001,46,0.021406,56.04606,,,,,
dataset/Stock_1.csv,Yes,Adam,StepLR:1,0.99,0.001,47,0.021406,56.04606,,,,,
dataset/Stock_1.csv,Yes,Adam,StepLR:1,0.99,0.001,48,0.021406,56.04606,,,,,
dataset/Stock_1.csv,Yes,Adam,StepLR:1,0.99,0.001,49,0.021406,56.04606,,,,,
dataset/Stock_1.csv,Yes,Adam,StepLR:1,0.99,0.001,50,0.021406,56.04606,,,,,
dataset/Stock_2.csv,Yes,Adam,StepLR:1,0.99,0.001,1,3.536728,615.02881,,,,,
dataset/Stock_2.csv,Yes,Adam,StepLR:1,0.99,0.001,2,2.243949,475.11187,,,,,
dataset/Stock_2.csv,Yes,Adam,StepLR:1,0.99,0.001,3,1.244884,327.68686,,,,,
dataset/Stock_2.csv,Yes,Adam,StepLR:1,0.99,0.001,4,0.623991,233.06047,,,,,
dataset/Stock_2.csv,Yes,Adam,StepLR:1,0.99,0.001,5,0.319744,167.65885,,,,,
dataset/Stock_2.csv,Yes,Adam,StepLR:1,0.99,0.001,6,0.180199,125.501,,,,,
dataset/Stock_2.csv,Yes,Adam,StepLR:1,0.99,0.001,7,0.115163,101.43601,,,,,
dataset/Stock_2.csv,Yes,Adam,StepLR:1,0.99,0.001,8,0.082985,84.93398,,,,,
dataset/Stock_2.csv,Yes,Adam,StepLR:1,0.99,0.001,9,0.065465,75.85934,,,,,
dataset/Stock_2.csv,Yes,Adam,StepLR:1,0.99,0.001,10,0.05562,68.81442,,,,,
dataset/Stock_2.csv,Yes,Adam,StepLR:1,0.99,0.001,11,0.049533,64.24224,,,,,
dataset/Stock_2.csv,Yes,Adam,StepLR:1,0.99,0.001,12,0.045642,60.89691,,,,,
dataset/Stock_2.csv,Yes,Adam,StepLR:1,0.99,0.001,13,0.043063,58.63276,,,,,
dataset/Stock_2.csv,Yes,Adam,StepLR:1,0.99,0.001,14,0.041336,57.04535,,,,,
dataset/Stock_2.csv,Yes,Adam,StepLR:1,0.99,0.001,15,0.040133,55.94031,,,,,
dataset/Stock_2.csv,Yes,Adam,StepLR:1,0.99,0.001,16,0.039297,55.15483,,,,,
dataset/Stock_2.csv,Yes,Adam,StepLR:1,0.99,0.001,17,0.038712,54.59376,,,,,
dataset/Stock_2.csv,Yes,Adam,StepLR:1,0.99,0.001,18,0.038297,54.17562,,,,,
dataset/Stock_2.csv,Yes,Adam,StepLR:1,0.99,0.001,19,0.038002,53.87681,,,,,
dataset/Stock_2.csv,Yes,Adam,StepLR:1,0.99,0.001,20,0.037792,53.67352,,,,,
dataset/Stock_2.csv,Yes,Adam,StepLR:1,0.99,0.001,21,0.037642,53.51996,,,,,
dataset/Stock_2.csv,Yes,Adam,StepLR:1,0.99,0.001,22,0.037534,53.40933,,,,,
dataset/Stock_2.csv,Yes,Adam,StepLR:1,0.99,0.001,23,0.037457,53.33377,,,,,
dataset/Stock_2.csv,Yes,Adam,StepLR:1,0.99,0.001,24,0.037402,53.27674,,,,,
dataset/Stock_2.csv,Yes,Adam,StepLR:1,0.99,0.001,25,0.037363,53.23637,,,,,
dataset/Stock_2.csv,Yes,Adam,StepLR:1,0.99,0.001,26,0.037335,53.20859,,,,,
dataset/Stock_2.csv,Yes,Adam,StepLR:1,0.99,0.001,27,0.037315,53.18755,,,,,
dataset/Stock_2.csv,Yes,Adam,StepLR:1,0.99,0.001,28,0.037301,53.17334,,,,,
dataset/Stock_2.csv,Yes,Adam,StepLR:1,0.99,0.001,29,0.03729,53.16256,,,,,
dataset/Stock_2.csv,Yes,Adam,StepLR:1,0.99,0.001,30,0.037283,53.15509,,,,,
dataset/Stock_2.csv,Yes,Adam,StepLR:1,0.99,0.001,31,0.037278,53.14944,,,,,
dataset/Stock_2.csv,Yes,Adam,StepLR:1,0.99,0.001,32,0.037274,53.14487,,,,,
dataset/Stock_2.csv,Yes,Adam,StepLR:1,0.99,0.001,33,0.037271,53.14374,,,,,
dataset/Stock_2.csv,Yes,Adam,StepLR:1,0.99,0.001,34,0.037271,53.14279,,,,,
dataset/Stock_2.csv,Yes,Adam,StepLR:1,0.99,0.001,35,0.03727,53.14239,,,,,
dataset/Stock_2.csv,Yes,Adam,StepLR:1,0.99,0.001,36,0.03727,53.14214,,,,,
dataset/Stock_2.csv,Yes,Adam,StepLR:1,0.99,0.001,37,0.03727,53.14207,,,,,
dataset/Stock_2.csv,Yes,Adam,StepLR:1,0.99,0.001,38,0.03727,53.14202,,,,,
dataset/Stock_2.csv,Yes,Adam,StepLR:1,0.99,0.001,39,0.03727,53.14201,,,,,
dataset/Stock_2.csv,Yes,Adam,StepLR:1,0.99,0.001,40,0.037269,53.14199,,,,,
dataset/Stock_2.csv,Yes,Adam,StepLR:1,0.99,0.001,41,0.037269,53.14198,,,,,
dataset/Stock_2.csv,Yes,Adam,StepLR:1,0.99,0.001,42,0.037269,53.14198,,,,,
dataset/Stock_2.csv,Yes,Adam,StepLR:1,0.99,0.001,43,0.037269,53.14197,,,,,
dataset/Stock_2.csv,Yes,Adam,StepLR:1,0.99,0.001,44,0.037269,53.14197,,,,,
dataset/Stock_2.csv,Yes,Adam,StepLR:1,0.99,0.001,45,0.037269,53.14197,,,,,
dataset/Stock_2.csv,Yes,Adam,StepLR:1,0.99,0.001,46,0.037269,53.14197,,,,,
dataset/Stock_2.csv,Yes,Adam,StepLR:1,0.99,0.001,47,0.037269,53.14197,,,,,
dataset/Stock_2.csv,Yes,Adam,StepLR:1,0.99,0.001,48,0.037269,53.14197,,,,,
dataset/Stock_2.csv,Yes,Adam,StepLR:1,0.99,0.001,49,0.037269,53.14197,,,,,
dataset/Stock_2.csv,Yes,Adam,StepLR:1,0.99,0.001,50,0.037269,53.14197,,,,,
dataset/Stock_3.csv,Yes,Adam,StepLR:1,0.99,0.001,1,1.173583,260.33325,,,,,
dataset/Stock_3.csv,Yes,Adam,StepLR:1,0.99,0.001,2,0.774866,211.09053,,,,,
dataset/Stock_3.csv,Yes,Adam,StepLR:1,0.99,0.001,3,0.482931,159.94685,,,,,
dataset/Stock_3.csv,Yes,Adam,StepLR:1,0.99,0.001,4,0.288575,113.1485,,,,,
dataset/Stock_3.csv,Yes,Adam,StepLR:1,0.99,0.001,5,0.178456,86.29929,,,,,
dataset/Stock_3.csv,Yes,Adam,StepLR:1,0.99,0.001,6,0.120936,68.13126,,,,,
dataset/Stock_3.csv,Yes,Adam,StepLR:1,0.99,0.001,7,0.090373,58.51279,,,,,
dataset/Stock_3.csv,Yes,Adam,StepLR:1,0.99,0.001,8,0.073303,53.07221,,,,,
dataset/Stock_3.csv,Yes,Adam,StepLR:1,0.99,0.001,9,0.063369,49.17098,,,,,
dataset/Stock_3.csv,Yes,Adam,StepLR:1,0.99,0.001,10,0.057186,46.51358,,,,,
dataset/Stock_3.csv,Yes,Adam,StepLR:1,0.99,0.001,11,0.053197,45.04804,,,,,
dataset/Stock_3.csv,Yes,Adam,StepLR:1,0.99,0.001,12,0.050585,44.08264,,,,,
dataset/Stock_3.csv,Yes,Adam,StepLR:1,0.99,0.001,13,0.048806,43.36368,,,,,
dataset/Stock_3.csv,Yes,Adam,StepLR:1,0.99,0.001,14,0.047571,42.9419,,,,,
dataset/Stock_3.csv,Yes,Adam,StepLR:1,0.99,0.001,15,0.046723,42.68027,,,,,
dataset/Stock_3.csv,Yes,Adam,StepLR:1,0.99,0.001,16,0.046122,42.47663,,,,,
dataset/Stock_3.csv,Yes,Adam,StepLR:1,0.99,0.001,17,0.045696,42.33098,,,,,
dataset/Stock_3.csv,Yes,Adam,StepLR:1,0.99,0.001,18,0.045396,42.22392,,,,,
dataset/Stock_3.csv,Yes,Adam,StepLR:1,0.99,0.001,19,0.045182,42.15129,,,,,
dataset/Stock_3.csv,Yes,Adam,StepLR:1,0.99,0.001,20,0.04503,42.09971,,,,,
dataset/Stock_3.csv,Yes,Adam,StepLR:1,0.99,0.001,21,0.044923,42.06525,,,,,
dataset/Stock_3.csv,Yes,Adam,StepLR:1,0.99,0.001,22,0.044846,42.03857,,,,,
dataset/Stock_3.csv,Yes,Adam,StepLR:1,0.99,0.001,23,0.044791,42.01921,,,,,
dataset/Stock_3.csv,Yes,Adam,StepLR:1,0.99,0.001,24,0.044752,42.00689,,,,,
dataset/Stock_3.csv,Yes,Adam,StepLR:1,0.99,0.001,25,0.044725,41.99727,,,,,
dataset/Stock_3.csv,Yes,Adam,StepLR:1,0.99,0.001,26,0.044705,41.99051,,,,,
dataset/Stock_3.csv,Yes,Adam,StepLR:1,0.99,0.001,27,0.044691,41.98592,,,,,
dataset/Stock_3.csv,Yes,Adam,StepLR:1,0.99,0.001,28,0.044681,41.98236,,,,,
dataset/Stock_3.csv,Yes,Adam,StepLR:1,0.99,0.001,29,0.044674,41.97995,,,,,
dataset/Stock_3.csv,Yes,Adam,StepLR:1,0.99,0.001,30,0.044669,41.97835,,,,,
dataset/Stock_3.csv,Yes,Adam,StepLR:1,0.99,0.001,31,0.044666,41.97708,,,,,
dataset/Stock_3.csv,Yes,Adam,StepLR:1,0.99,0.001,32,0.044663,41.97617,,,,,
dataset/Stock_3.csv,Yes,Adam,StepLR:1,0.99,0.001,33,0.044661,41.97531,,,,,
dataset/Stock_3.csv,Yes,Adam,StepLR:1,0.99,0.001,34,0.04466,41.97513,,,,,
dataset/Stock_3.csv,Yes,Adam,StepLR:1,0.99,0.001,35,0.04466,41.97495,,,,,
dataset/Stock_3.csv,Yes,Adam,StepLR:1,0.99,0.001,36,0.04466,41.9749,,,,,
dataset/Stock_3.csv,Yes,Adam,StepLR:1,0.99,0.001,37,0.04466,41.97486,,,,,
dataset/Stock_3.csv,Yes,Adam,StepLR:1,0.99,0.001,38,0.04466,41.97485,,,,,
dataset/Stock_3.csv,Yes,Adam,StepLR:1,0.99,0.001,39,0.04466,41.97484,,,,,
dataset/Stock_3.csv,Yes,Adam,StepLR:1,0.99,0.001,40,0.04466,41.97484,,,,,
dataset/Stock_3.csv,Yes,Adam,StepLR:1,0.99,0.001,41,0.04466,41.97483,,,,,
dataset/Stock_3.csv,Yes,Adam,StepLR:1,0.99,0.001,42,0.04466,41.97483,,,,,
dataset/Stock_3.csv,Yes,Adam,StepLR:1,0.99,0.001,43,0.04466,41.97483,,,,,
dataset/Stock_3.csv,Yes,Adam,StepLR:1,0.99,0.001,44,0.04466,41.97483,,,,,
dataset/Stock_3.csv,Yes,Adam,StepLR:1,0.99,0.001,45,0.04466,41.97484,,,,,
dataset/Stock_3.csv,Yes,Adam,StepLR:1,0.99,0.001,46,0.04466,41.97484,,,,,
dataset/Stock_3.csv,Yes,Adam,StepLR:1,0.99,0.001,47,0.04466,41.97483,,,,,
dataset/Stock_3.csv,Yes,Adam,StepLR:1,0.99,0.001,48,0.04466,41.97484,,,,,
dataset/Stock_3.csv,Yes,Adam,StepLR:1,0.99,0.001,49,0.04466,41.97484,,,,,
dataset/Stock_3.csv,Yes,Adam,StepLR:1,0.99,0.001,50,0.04466,41.97484,,,,,
dataset/Stock_1.csv,Yes,SGD,StepLR:1,0.99,0.001,1,1.227117,107.72263,,,,,
dataset/Stock_1.csv,Yes,SGD,StepLR:1,0.99,0.001,2,0.084322,91.40773,,,,,
dataset/Stock_1.csv,Yes,SGD,StepLR:1,0.99,0.001,3,0.027343,83.62299,,,,,
dataset/Stock_1.csv,Yes,SGD,StepLR:1,0.99,0.001,4,0.025396,85.79153,,,,,
dataset/Stock_1.csv,Yes,SGD,StepLR:1,0.99,0.001,5,0.024195,99.09486,,,,,
dataset/Stock_1.csv,Yes,SGD,StepLR:1,0.99,0.001,6,0.023459,85.89895,,,,,
dataset/Stock_1.csv,Yes,SGD,StepLR:1,0.99,0.001,7,0.022955,89.42848,,,,,
dataset/Stock_1.csv,Yes,SGD,StepLR:1,0.99,0.001,8,0.022574,88.65286,,,,,
dataset/Stock_1.csv,Yes,SGD,StepLR:1,0.99,0.001,9,0.022339,88.83823,,,,,
dataset/Stock_1.csv,Yes,SGD,StepLR:1,0.99,0.001,10,0.022174,85.28022,,,,,
dataset/Stock_1.csv,Yes,SGD,StepLR:1,0.99,0.001,11,0.022067,86.36926,,,,,
dataset/Stock_1.csv,Yes,SGD,StepLR:1,0.99,0.001,12,0.021975,89.2507,,,,,
dataset/Stock_1.csv,Yes,SGD,StepLR:1,0.99,0.001,13,0.021926,86.83353,,,,,
dataset/Stock_1.csv,Yes,SGD,StepLR:1,0.99,0.001,14,0.021887,86.51548,,,,,
dataset/Stock_1.csv,Yes,SGD,StepLR:1,0.99,0.001,15,0.02186,86.50042,,,,,
dataset/Stock_1.csv,Yes,SGD,StepLR:1,0.99,0.001,16,0.021841,86.77466,,,,,
dataset/Stock_1.csv,Yes,SGD,StepLR:1,0.99,0.001,17,0.021829,86.74617,,,,,
dataset/Stock_1.csv,Yes,SGD,StepLR:1,0.99,0.001,18,0.021819,86.75948,,,,,
dataset/Stock_1.csv,Yes,SGD,StepLR:1,0.99,0.001,19,0.021813,86.67158,,,,,
dataset/Stock_1.csv,Yes,SGD,StepLR:1,0.99,0.001,20,0.021809,86.72792,,,,,
dataset/Stock_1.csv,Yes,SGD,StepLR:1,0.99,0.001,21,0.021805,86.69739,,,,,
dataset/Stock_1.csv,Yes,SGD,StepLR:1,0.99,0.001,22,0.021803,86.63538,,,,,
dataset/Stock_1.csv,Yes,SGD,StepLR:1,0.99,0.001,23,0.021802,86.65852,,,,,
dataset/Stock_1.csv,Yes,SGD,StepLR:1,0.99,0.001,24,0.021801,86.65384,,,,,
dataset/Stock_1.csv,Yes,SGD,StepLR:1,0.99,0.001,25,0.0218,86.65415,,,,,
dataset/Stock_1.csv,Yes,SGD,StepLR:1,0.99,0.001,26,0.021799,86.64718,,,,,
dataset/Stock_1.csv,Yes,SGD,StepLR:1,0.99,0.001,27,0.021799,86.64823,,,,,
dataset/Stock_1.csv,Yes,SGD,StepLR:1,0.99,0.001,28,0.021799,86.64638,,,,,
dataset/Stock_1.csv,Yes,SGD,StepLR:1,0.99,0.001,29,0.021799,86.64986,,,,,
dataset/Stock_1.csv,Yes,SGD,StepLR:1,0.99,0.001,30,0.021799,86.64835,,,,,
dataset/Stock_1.csv,Yes,SGD,StepLR:1,0.99,0.001,31,0.021799,86.64827,,,,,
dataset/Stock_1.csv,Yes,SGD,StepLR:1,0.99,0.001,32,0.021799,86.64879,,,,,
dataset/Stock_1.csv,Yes,SGD,StepLR:1,0.99,0.001,33,0.021799,86.64854,,,,,
dataset/Stock_1.csv,Yes,SGD,StepLR:1,0.99,0.001,34,0.021799,86.64861,,,,,
dataset/Stock_1.csv,Yes,SGD,StepLR:1,0.99,0.001,35,0.021798,86.6488,,,,,
dataset/Stock_1.csv,Yes,SGD,StepLR:1,0.99,0.001,36,0.021798,86.64881,,,,,
dataset/Stock_1.csv,Yes,SGD,StepLR:1,0.99,0.001,37,0.021798,86.64888,,,,,
dataset/Stock_1.csv,Yes,SGD,StepLR:1,0.99,0.001,38,0.021798,86.64888,,,,,
dataset/Stock_1.csv,Yes,SGD,StepLR:1,0.99,0.001,39,0.021798,86.64888,,,,,
dataset/Stock_1.csv,Yes,SGD,StepLR:1,0.99,0.001,40,0.021798,86.64888,,,,,
dataset/Stock_1.csv,Yes,SGD,StepLR:1,0.99,0.001,41,0.021798,86.64888,,,,,
dataset/Stock_1.csv,Yes,SGD,StepLR:1,0.99,0.001,42,0.021798,86.64888,,,,,
dataset/Stock_1.csv,Yes,SGD,StepLR:1,0.99,0.001,43,0.021798,86.64888,,,,,
dataset/Stock_1.csv,Yes,SGD,StepLR:1,0.99,0.001,44,0.021798,86.64888,,,,,
dataset/Stock_1.csv,Yes,SGD,StepLR:1,0.99,0.001,45,0.021798,86.64888,,,,,
dataset/Stock_1.csv,Yes,SGD,StepLR:1,0.99,0.001,46,0.021798,86.64888,,,,,
dataset/Stock_1.csv,Yes,SGD,StepLR:1,0.99,0.001,47,0.021798,86.64888,,,,,
dataset/Stock_1.csv,Yes,SGD,StepLR:1,0.99,0.001,48,0.021798,86.64888,,,,,
dataset/Stock_1.csv,Yes,SGD,StepLR:1,0.99,0.001,49,0.021798,86.64888,,,,,
dataset/Stock_1.csv,Yes,SGD,StepLR:1,0.99,0.001,50,0.021798,86.64888,,,,,
dataset/Stock_2.csv,Yes,SGD,StepLR:1,0.99,0.001,1,3.09366,420.10745,,,,,
dataset/Stock_2.csv,Yes,SGD,StepLR:1,0.99,0.001,2,0.414941,65.25695,,,,,
dataset/Stock_2.csv,Yes,SGD,StepLR:1,0.99,0.001,3,0.016001,39.66961,,,,,
dataset/Stock_2.csv,Yes,SGD,StepLR:1,0.99,0.001,4,0.014292,46.49491,,,,,
dataset/Stock_2.csv,Yes,SGD,StepLR:1,0.99,0.001,5,0.013859,47.68486,,,,,
dataset/Stock_2.csv,Yes,SGD,StepLR:1,0.99,0.001,6,0.013712,47.06431,,,,,
dataset/Stock_2.csv,Yes,SGD,StepLR:1,0.99,0.001,7,0.013611,46.23482,,,,,
dataset/Stock_2.csv,Yes,SGD,StepLR:1,0.99,0.001,8,0.013511,46.43061,,,,,
dataset/Stock_2.csv,Yes,SGD,StepLR:1,0.99,0.001,9,0.013462,46.30126,,,,,
dataset/Stock_2.csv,Yes,SGD,StepLR:1,0.99,0.001,10,0.013418,46.46748,,,,,
dataset/Stock_2.csv,Yes,SGD,StepLR:1,0.99,0.001,11,0.013394,46.52704,,,,,
dataset/Stock_2.csv,Yes,SGD,StepLR:1,0.99,0.001,12,0.013377,46.24549,,,,,
dataset/Stock_2.csv,Yes,SGD,StepLR:1,0.99,0.001,13,0.013363,46.37351,,,,,
dataset/Stock_2.csv,Yes,SGD,StepLR:1,0.99,0.001,14,0.013357,46.25233,,,,,
dataset/Stock_2.csv,Yes,SGD,StepLR:1,0.99,0.001,15,0.013349,46.28612,,,,,
dataset/Stock_2.csv,Yes,SGD,StepLR:1,0.99,0.001,16,0.013345,46.30571,,,,,
dataset/Stock_2.csv,Yes,SGD,StepLR:1,0.99,0.001,17,0.013341,46.28424,,,,,
dataset/Stock_2.csv,Yes,SGD,StepLR:1,0.99,0.001,18,0.013339,46.30369,,,,,
dataset/Stock_2.csv,Yes,SGD,StepLR:1,0.99,0.001,19,0.013338,46.29122,,,,,
dataset/Stock_2.csv,Yes,SGD,StepLR:1,0.99,0.001,20,0.013336,46.29369,,,,,
dataset/Stock_2.csv,Yes,SGD,StepLR:1,0.99,0.001,21,0.013336,46.28735,,,,,
dataset/Stock_2.csv,Yes,SGD,StepLR:1,0.99,0.001,22,0.013335,46.29042,,,,,
dataset/Stock_2.csv,Yes,SGD,StepLR:1,0.99,0.001,23,0.013335,46.29211,,,,,
dataset/Stock_2.csv,Yes,SGD,StepLR:1,0.99,0.001,24,0.013335,46.28803,,,,,
dataset/Stock_2.csv,Yes,SGD,StepLR:1,0.99,0.001,25,0.013335,46.28727,,,,,
dataset/Stock_2.csv,Yes,SGD,StepLR:1,0.99,0.001,26,0.013334,46.28616,,,,,
dataset/Stock_2.csv,Yes,SGD,StepLR:1,0.99,0.001,27,0.013334,46.28704,,,,,
dataset/Stock_2.csv,Yes,SGD,StepLR:1,0.99,0.001,28,0.013334,46.28657,,,,,
dataset/Stock_2.csv,Yes,SGD,StepLR:1,0.99,0.001,29,0.013334,46.28661,,,,,
dataset/Stock_2.csv,Yes,SGD,StepLR:1,0.99,0.001,30,0.013334,46.28624,,,,,
dataset/Stock_2.csv,Yes,SGD,StepLR:1,0.99,0.001,31,0.013334,46.28627,,,,,
dataset/Stock_2.csv,Yes,SGD,StepLR:1,0.99,0.001,32,0.013334,46.28628,,,,,
dataset/Stock_2.csv,Yes,SGD,StepLR:1,0.99,0.001,33,0.013334,46.28628,,,,,
dataset/Stock_2.csv,Yes,SGD,StepLR:1,0.99,0.001,34,0.013334,46.28628,,,,,
dataset/Stock_2.csv,Yes,SGD,StepLR:1,0.99,0.001,35,0.013334,46.28628,,,,,
dataset/Stock_2.csv,Yes,SGD,StepLR:1,0.99,0.001,36,0.013334,46.28628,,,,,
dataset/Stock_2.csv,Yes,SGD,StepLR:1,0.99,0.001,37,0.013334,46.28628,,,,,
dataset/Stock_2.csv,Yes,SGD,StepLR:1,0.99,0.001,38,0.013334,46.28628,,,,,
dataset/Stock_2.csv,Yes,SGD,StepLR:1,0.99,0.001,39,0.013334,46.28628,,,,,
dataset/Stock_2.csv,Yes,SGD,StepLR:1,0.99,0.001,40,0.013334,46.28628,,,,,
dataset/Stock_2.csv,Yes,SGD,StepLR:1,0.99,0.001,41,0.013334,46.28628,,,,,
dataset/Stock_2.csv,Yes,SGD,StepLR:1,0.99,0.001,42,0.013334,46.28628,,,,,
dataset/Stock_2.csv,Yes,SGD,StepLR:1,0.99,0.001,43,0.013334,46.28628,,,,,
dataset/Stock_2.csv,Yes,SGD,StepLR:1,0.99,0.001,44,0.013334,46.28629,,,,,
dataset/Stock_2.csv,Yes,SGD,StepLR:1,0.99,0.001,45,0.013334,46.28628,,,,,
dataset/Stock_2.csv,Yes,SGD,StepLR:1,0.99,0.001,46,0.013334,46.28628,,,,,
dataset/Stock_2.csv,Yes,SGD,StepLR:1,0.99,0.001,47,0.013334,46.28628,,,,,
dataset/Stock_2.csv,Yes,SGD,StepLR:1,0.99,0.001,48,0.013334,46.28628,,,,,
dataset/Stock_2.csv,Yes,SGD,StepLR:1,0.99,0.001,49,0.013334,46.28628,,,,,
dataset/Stock_2.csv,Yes,SGD,StepLR:1,0.99,0.001,50,0.013334,46.28628,,,,,
dataset/Stock_3.csv,Yes,SGD,StepLR:1,0.99,0.001,1,1.22879,273.07561,,,,,
dataset/Stock_3.csv,Yes,SGD,StepLR:1,0.99,0.001,2,0.760937,216.02247,,,,,
dataset/Stock_3.csv,Yes,SGD,StepLR:1,0.99,0.001,3,0.450101,182.97463,,,,,
dataset/Stock_3.csv,Yes,SGD,StepLR:1,0.99,0.001,4,0.270464,140.47295,,,,,
dataset/Stock_3.csv,Yes,SGD,StepLR:1,0.99,0.001,5,0.173684,123.18066,,,,,
dataset/Stock_3.csv,Yes,SGD,StepLR:1,0.99,0.001,6,0.124862,110.17155,,,,,
dataset/Stock_3.csv,Yes,SGD,StepLR:1,0.99,0.001,7,0.098079,103.81621,,,,,
dataset/Stock_3.csv,Yes,SGD,StepLR:1,0.99,0.001,8,0.083029,98.94232,,,,,
dataset/Stock_3.csv,Yes,SGD,StepLR:1,0.99,0.001,9,0.074125,95.53321,,,,,
dataset/Stock_3.csv,Yes,SGD,StepLR:1,0.99,0.001,10,0.068441,92.58945,,,,,
dataset/Stock_3.csv,Yes,SGD,StepLR:1,0.99,0.001,11,0.064723,91.16775,,,,,
dataset/Stock_3.csv,Yes,SGD,StepLR:1,0.99,0.001,12,0.062332,90.10062,,,,,
dataset/Stock_3.csv,Yes,SGD,StepLR:1,0.99,0.001,13,0.06069,89.19235,,,,,
dataset/Stock_3.csv,Yes,SGD,StepLR:1,0.99,0.001,14,0.05958,88.62202,,,,,
dataset/Stock_3.csv,Yes,SGD,StepLR:1,0.99,0.001,15,0.058821,88.37202,,,,,
dataset/Stock_3.csv,Yes,SGD,StepLR:1,0.99,0.001,16,0.058294,88.10443,,,,,
dataset/Stock_3.csv,Yes,SGD,StepLR:1,0.99,0.001,17,0.057924,87.91764,,,,,
dataset/Stock_3.csv,Yes,SGD,StepLR:1,0.99,0.001,18,0.057671,87.77762,,,,,
dataset/Stock_3.csv,Yes,SGD,StepLR:1,0.99,0.001,19,0.057495,87.68891,,,,,
dataset/Stock_3.csv,Yes,SGD,StepLR:1,0.99,0.001,20,0.05737,87.62879,,,,,
dataset/Stock_3.csv,Yes,SGD,StepLR:1,0.99,0.001,21,0.057283,87.59383,,,,,
dataset/Stock_3.csv,Yes,SGD,StepLR:1,0.99,0.001,22,0.057222,87.56256,,,,,
dataset/Stock_3.csv,Yes,SGD,StepLR:1,0.99,0.001,23,0.057181,87.54021,,,,,
dataset/Stock_3.csv,Yes,SGD,StepLR:1,0.99,0.001,24,0.057151,87.52855,,,,,
dataset/Stock_3.csv,Yes,SGD,StepLR:1,0.99,0.001,25,0.057131,87.51766,,,,,
dataset/Stock_3.csv,Yes,SGD,StepLR:1,0.99,0.001,26,0.057116,87.51103,,,,,
dataset/Stock_3.csv,Yes,SGD,StepLR:1,0.99,0.001,27,0.057106,87.50624,,,,,
dataset/Stock_3.csv,Yes,SGD,StepLR:1,0.99,0.001,28,0.057099,87.50209,,,,,
dataset/Stock_3.csv,Yes,SGD,StepLR:1,0.99,0.001,29,0.057094,87.49973,,,,,
dataset/Stock_3.csv,Yes,SGD,StepLR:1,0.99,0.001,30,0.057091,87.49827,,,,,
dataset/Stock_3.csv,Yes,SGD,StepLR:1,0.99,0.001,31,0.057088,87.497,,,,,
dataset/Stock_3.csv,Yes,SGD,StepLR:1,0.99,0.001,32,0.057087,87.49672,,,,,
dataset/Stock_3.csv,Yes,SGD,StepLR:1,0.99,0.001,33,0.057086,87.49658,,,,,
dataset/Stock_3.csv,Yes,SGD,StepLR:1,0.99,0.001,34,0.057086,87.49667,,,,,
dataset/Stock_3.csv,Yes,SGD,StepLR:1,0.99,0.001,35,0.057086,87.49669,,,,,
dataset/Stock_3.csv,Yes,SGD,StepLR:1,0.99,0.001,36,0.057085,87.49676,,,,,
dataset/Stock_3.csv,Yes,SGD,StepLR:1,0.99,0.001,37,0.057085,87.49677,,,,,
dataset/Stock_3.csv,Yes,SGD,StepLR:1,0.99,0.001,38,0.057085,87.4968,,,,,
dataset/Stock_3.csv,Yes,SGD,StepLR:1,0.99,0.001,39,0.057085,87.4968,,,,,
dataset/Stock_3.csv,Yes,SGD,StepLR:1,0.99,0.001,40,0.057085,87.4968,,,,,
dataset/Stock_3.csv,Yes,SGD,StepLR:1,0.99,0.001,41,0.057085,87.4968,,,,,
dataset/Stock_3.csv,Yes,SGD,StepLR:1,0.99,0.001,42,0.057085,87.4968,,,,,
dataset/Stock_3.csv,Yes,SGD,StepLR:1,0.99,0.001,43,0.057085,87.4968,,,,,
dataset/Stock_3.csv,Yes,SGD,StepLR:1,0.99,0.001,44,0.057085,87.4968,,,,,
dataset/Stock_3.csv,Yes,SGD,StepLR:1,0.99,0.001,45,0.057085,87.4968,,,,,
dataset/Stock_3.csv,Yes,SGD,StepLR:1,0.99,0.001,46,0.057085,87.4968,,,,,
dataset/Stock_3.csv,Yes,SGD,StepLR:1,0.99,0.001,47,0.057085,87.4968,,,,,
dataset/Stock_3.csv,Yes,SGD,StepLR:1,0.99,0.001,48,0.057085,87.4968,,,,,
dataset/Stock_3.csv,Yes,SGD,StepLR:1,0.99,0.001,49,0.057085,87.4968,,,,,
dataset/Stock_3.csv,Yes,SGD,StepLR:1,0.99,0.001,50,0.057085,87.4968,,,,,
dataset/Stock_1.csv,Yes,Adam,StepLR:1,0.99,0.001,1,2.597605,880.01693,EWC parameters2,,,,
dataset/Stock_1.csv,Yes,Adam,StepLR:1,0.99,0.001,2,2.08612,707.0417,,,,,
dataset/Stock_1.csv,Yes,Adam,StepLR:1,0.99,0.001,3,1.601849,527.67047,,,,,
dataset/Stock_1.csv,Yes,Adam,StepLR:1,0.99,0.001,4,1.22907,376.83771,,,,,
dataset/Stock_1.csv,Yes,Adam,StepLR:1,0.99,0.001,5,0.988852,257.71078,,,,,
dataset/Stock_1.csv,Yes,Adam,StepLR:1,0.99,0.001,6,0.816814,165.3806,,,,,
dataset/Stock_1.csv,Yes,Adam,StepLR:1,0.99,0.001,7,0.679777,126.51426,,,,,
dataset/Stock_1.csv,Yes,Adam,StepLR:1,0.99,0.001,8,0.574902,94.55522,,,,,
dataset/Stock_1.csv,Yes,Adam,StepLR:1,0.99,0.001,9,0.494768,80.67116,,,,,
dataset/Stock_1.csv,Yes,Adam,StepLR:1,0.99,0.001,10,0.434847,72.40091,,,,,
dataset/Stock_1.csv,Yes,Adam,StepLR:1,0.99,0.001,11,0.391059,69.41913,,,,,
dataset/Stock_1.csv,Yes,Adam,StepLR:1,0.99,0.001,12,0.359985,67.95883,,,,,
dataset/Stock_1.csv,Yes,Adam,StepLR:1,0.99,0.001,13,0.338213,67.63492,,,,,
dataset/Stock_1.csv,Yes,Adam,StepLR:1,0.99,0.001,14,0.323146,67.79282,,,,,
dataset/Stock_1.csv,Yes,Adam,StepLR:1,0.99,0.001,15,0.31272,67.93999,,,,,
dataset/Stock_1.csv,Yes,Adam,StepLR:1,0.99,0.001,16,0.305525,68.04859,,,,,
dataset/Stock_1.csv,Yes,Adam,StepLR:1,0.99,0.001,17,0.300536,68.11969,,,,,
dataset/Stock_1.csv,Yes,Adam,StepLR:1,0.99,0.001,18,0.297059,68.17356,,,,,
dataset/Stock_1.csv,Yes,Adam,StepLR:1,0.99,0.001,19,0.294647,68.21799,,,,,
dataset/Stock_1.csv,Yes,Adam,StepLR:1,0.99,0.001,20,0.29297,68.26169,,,,,
dataset/Stock_1.csv,Yes,Adam,StepLR:1,0.99,0.001,21,0.291797,68.29447,,,,,
dataset/Stock_1.csv,Yes,Adam,StepLR:1,0.99,0.001,22,0.290983,68.32942,,,,,
dataset/Stock_1.csv,Yes,Adam,StepLR:1,0.99,0.001,23,0.290412,68.35458,,,,,
dataset/Stock_1.csv,Yes,Adam,StepLR:1,0.99,0.001,24,0.290013,68.37413,,,,,
dataset/Stock_1.csv,Yes,Adam,StepLR:1,0.99,0.001,25,0.289733,68.38801,,,,,
dataset/Stock_1.csv,Yes,Adam,StepLR:1,0.99,0.001,26,0.289537,68.39701,,,,,
dataset/Stock_1.csv,Yes,Adam,StepLR:1,0.99,0.001,27,0.289399,68.40435,,,,,
dataset/Stock_1.csv,Yes,Adam,StepLR:1,0.99,0.001,28,0.289302,68.4081,,,,,
dataset/Stock_1.csv,Yes,Adam,StepLR:1,0.99,0.001,29,0.289235,68.41164,,,,,
dataset/Stock_1.csv,Yes,Adam,StepLR:1,0.99,0.001,30,0.289188,68.41387,,,,,
dataset/Stock_1.csv,Yes,Adam,StepLR:1,0.99,0.001,31,0.289154,68.41546,,,,,
dataset/Stock_1.csv,Yes,Adam,StepLR:1,0.99,0.001,32,0.28913,68.41679,,,,,
dataset/Stock_1.csv,Yes,Adam,StepLR:1,0.99,0.001,33,0.289114,68.41773,,,,,
dataset/Stock_1.csv,Yes,Adam,StepLR:1,0.99,0.001,34,0.289103,68.41811,,,,,
dataset/Stock_1.csv,Yes,Adam,StepLR:1,0.99,0.001,35,0.289097,68.41836,,,,,
dataset/Stock_1.csv,Yes,Adam,StepLR:1,0.99,0.001,36,0.289094,68.41846,,,,,
dataset/Stock_1.csv,Yes,Adam,StepLR:1,0.99,0.001,37,0.289093,68.41854,,,,,
dataset/Stock_1.csv,Yes,Adam,StepLR:1,0.99,0.001,38,0.289092,68.41852,,,,,
dataset/Stock_1.csv,Yes,Adam,StepLR:1,0.99,0.001,39,0.289092,68.41851,,,,,
dataset/Stock_1.csv,Yes,Adam,StepLR:1,0.99,0.001,40,0.289092,68.41849,,,,,
dataset/Stock_1.csv,Yes,Adam,StepLR:1,0.99,0.001,41,0.289092,68.41848,,,,,
dataset/Stock_1.csv,Yes,Adam,StepLR:1,0.99,0.001,42,0.289092,68.41849,,,,,
dataset/Stock_1.csv,Yes,Adam,StepLR:1,0.99,0.001,43,0.289092,68.41849,,,,,
dataset/Stock_1.csv,Yes,Adam,StepLR:1,0.99,0.001,44,0.289092,68.41848,,,,,
dataset/Stock_1.csv,Yes,Adam,StepLR:1,0.99,0.001,45,0.289092,68.41849,,,,,
dataset/Stock_1.csv,Yes,Adam,StepLR:1,0.99,0.001,46,0.289092,68.41849,,,,,
dataset/Stock_1.csv,Yes,Adam,StepLR:1,0.99,0.001,47,0.289092,68.41849,,,,,
dataset/Stock_1.csv,Yes,Adam,StepLR:1,0.99,0.001,48,0.289092,68.41849,,,,,
dataset/Stock_1.csv,Yes,Adam,StepLR:1,0.99,0.001,49,0.289092,68.41849,,,,,
dataset/Stock_1.csv,Yes,Adam,StepLR:1,0.99,0.001,50,0.289092,68.41849,,,,,
dataset/Stock_2.csv,Yes,Adam,StepLR:1,0.99,0.001,1,4.365671,829.33278,,,,,
dataset/Stock_2.csv,Yes,Adam,StepLR:1,0.99,0.001,2,3.969873,791.47393,,,,,
dataset/Stock_2.csv,Yes,Adam,StepLR:1,0.99,0.001,3,3.660096,757.55416,,,,,
dataset/Stock_2.csv,Yes,Adam,StepLR:1,0.99,0.001,4,3.421445,725.26578,,,,,
dataset/Stock_2.csv,Yes,Adam,StepLR:1,0.99,0.001,5,3.198208,697.16339,,,,,
dataset/Stock_2.csv,Yes,Adam,StepLR:1,0.99,0.001,6,3.014132,672.18117,,,,,
dataset/Stock_2.csv,Yes,Adam,StepLR:1,0.99,0.001,7,2.858784,650.49406,,,,,
dataset/Stock_2.csv,Yes,Adam,StepLR:1,0.99,0.001,8,2.729812,632.9332,,,,,
dataset/Stock_2.csv,Yes,Adam,StepLR:1,0.99,0.001,9,2.625204,619.1754,,,,,
dataset/Stock_2.csv,Yes,Adam,StepLR:1,0.99,0.001,10,2.542461,607.49655,,,,,
dataset/Stock_2.csv,Yes,Adam,StepLR:1,0.99,0.001,11,2.477936,598.89642,,,,,
dataset/Stock_2.csv,Yes,Adam,StepLR:1,0.99,0.001,12,2.429738,592.18454,,,,,
dataset/Stock_2.csv,Yes,Adam,StepLR:1,0.99,0.001,13,2.393857,587.36241,,,,,
dataset/Stock_2.csv,Yes,Adam,StepLR:1,0.99,0.001,14,2.368154,584.02692,,,,,
dataset/Stock_2.csv,Yes,Adam,StepLR:1,0.99,0.001,15,2.350107,581.61598,,,,,
dataset/Stock_2.csv,Yes,Adam,StepLR:1,0.99,0.001,16,2.337393,579.95696,,,,,
dataset/Stock_2.csv,Yes,Adam,StepLR:1,0.99,0.001,17,2.328626,578.79221,,,,,
dataset/Stock_2.csv,Yes,Adam,StepLR:1,0.99,0.001,18,2.322549,577.9547,,,,,
dataset/Stock_2.csv,Yes,Adam,StepLR:1,0.99,0.001,19,2.318313,577.38741,,,,,
dataset/Stock_2.csv,Yes,Adam,StepLR:1,0.99,0.001,20,2.315388,577.00603,,,,,
dataset/Stock_2.csv,Yes,Adam,StepLR:1,0.99,0.001,21,2.313375,576.73377,,,,,
dataset/Stock_2.csv,Yes,Adam,StepLR:1,0.99,0.001,22,2.311987,576.53602,,,,,
dataset/Stock_2.csv,Yes,Adam,StepLR:1,0.99,0.001,23,2.311007,576.41027,,,,,
dataset/Stock_2.csv,Yes,Adam,StepLR:1,0.99,0.001,24,2.310344,576.31712,,,,,
dataset/Stock_2.csv,Yes,Adam,StepLR:1,0.99,0.001,25,2.309878,576.25213,,,,,
dataset/Stock_2.csv,Yes,Adam,StepLR:1,0.99,0.001,26,2.30955,576.21112,,,,,
dataset/Stock_2.csv,Yes,Adam,StepLR:1,0.99,0.001,27,2.309327,576.18038,,,,,
dataset/Stock_2.csv,Yes,Adam,StepLR:1,0.99,0.001,28,2.309171,576.15917,,,,,
dataset/Stock_2.csv,Yes,Adam,StepLR:1,0.99,0.001,29,2.309063,576.1449,,,,,
dataset/Stock_2.csv,Yes,Adam,StepLR:1,0.99,0.001,30,2.308989,576.13444,,,,,
dataset/Stock_2.csv,Yes,Adam,StepLR:1,0.99,0.001,31,2.308936,576.12701,,,,,
dataset/Stock_2.csv,Yes,Adam,StepLR:1,0.99,0.001,32,2.3089,576.12206,,,,,
dataset/Stock_2.csv,Yes,Adam,StepLR:1,0.99,0.001,33,2.308874,576.11852,,,,,
dataset/Stock_2.csv,Yes,Adam,StepLR:1,0.99,0.001,34,2.308855,576.11569,,,,,
dataset/Stock_2.csv,Yes,Adam,StepLR:1,0.99,0.001,35,2.308842,576.11434,,,,,
dataset/Stock_2.csv,Yes,Adam,StepLR:1,0.99,0.001,36,2.308836,576.11339,,,,,
dataset/Stock_2.csv,Yes,Adam,StepLR:1,0.99,0.001,37,2.308832,576.11303,,,,,
dataset/Stock_2.csv,Yes,Adam,StepLR:1,0.99,0.001,38,2.308831,576.11284,,,,,
dataset/Stock_2.csv,Yes,Adam,StepLR:1,0.99,0.001,39,2.30883,576.11277,,,,,
dataset/Stock_2.csv,Yes,Adam,StepLR:1,0.99,0.001,40,2.30883,576.11276,,,,,
dataset/Stock_2.csv,Yes,Adam,StepLR:1,0.99,0.001,41,2.30883,576.11275,,,,,
dataset/Stock_2.csv,Yes,Adam,StepLR:1,0.99,0.001,42,2.308829,576.11274,,,,,
dataset/Stock_2.csv,Yes,Adam,StepLR:1,0.99,0.001,43,2.308829,576.11274,,,,,
dataset/Stock_2.csv,Yes,Adam,StepLR:1,0.99,0.001,44,2.308829,576.11274,,,,,
dataset/Stock_2.csv,Yes,Adam,StepLR:1,0.99,0.001,45,2.308829,576.11274,,,,,
dataset/Stock_2.csv,Yes,Adam,StepLR:1,0.99,0.001,46,2.308829,576.11274,,,,,
dataset/Stock_2.csv,Yes,Adam,StepLR:1,0.99,0.001,47,2.308829,576.11274,,,,,
dataset/Stock_2.csv,Yes,Adam,StepLR:1,0.99,0.001,48,2.308829,576.11274,,,,,
dataset/Stock_2.csv,Yes,Adam,StepLR:1,0.99,0.001,49,2.308829,576.11274,,,,,
dataset/Stock_2.csv,Yes,Adam,StepLR:1,0.99,0.001,50,2.308829,576.11274,,,,,
dataset/Stock_3.csv,Yes,Adam,StepLR:1,0.99,0.001,1,1.500643,349.35194,,,,,
dataset/Stock_3.csv,Yes,Adam,StepLR:1,0.99,0.001,2,1.235882,317.3321,,,,,
dataset/Stock_3.csv,Yes,Adam,StepLR:1,0.99,0.001,3,1.050175,285.91966,,,,,
dataset/Stock_3.csv,Yes,Adam,StepLR:1,0.99,0.001,4,0.89477,255.14301,,,,,
dataset/Stock_3.csv,Yes,Adam,StepLR:1,0.99,0.001,5,0.771986,231.63143,,,,,
dataset/Stock_3.csv,Yes,Adam,StepLR:1,0.99,0.001,6,0.683172,213.22816,,,,,
dataset/Stock_3.csv,Yes,Adam,StepLR:1,0.99,0.001,7,0.613612,200.35085,,,,,
dataset/Stock_3.csv,Yes,Adam,StepLR:1,0.99,0.001,8,0.560692,191.00355,,,,,
dataset/Stock_3.csv,Yes,Adam,StepLR:1,0.99,0.001,9,0.522036,183.7359,,,,,
dataset/Stock_3.csv,Yes,Adam,StepLR:1,0.99,0.001,10,0.493991,178.68209,,,,,
dataset/Stock_3.csv,Yes,Adam,StepLR:1,0.99,0.001,11,0.473981,175.17728,,,,,
dataset/Stock_3.csv,Yes,Adam,StepLR:1,0.99,0.001,12,0.460085,172.69507,,,,,
dataset/Stock_3.csv,Yes,Adam,StepLR:1,0.99,0.001,13,0.450296,170.846,,,,,
dataset/Stock_3.csv,Yes,Adam,StepLR:1,0.99,0.001,14,0.443448,169.52349,,,,,
dataset/Stock_3.csv,Yes,Adam,StepLR:1,0.99,0.001,15,0.438695,168.69328,,,,,
dataset/Stock_3.csv,Yes,Adam,StepLR:1,0.99,0.001,16,0.435373,168.05822,,,,,
dataset/Stock_3.csv,Yes,Adam,StepLR:1,0.99,0.001,17,0.433043,167.61869,,,,,
dataset/Stock_3.csv,Yes,Adam,StepLR:1,0.99,0.001,18,0.431425,167.31003,,,,,
dataset/Stock_3.csv,Yes,Adam,StepLR:1,0.99,0.001,19,0.430297,167.09402,,,,,
dataset/Stock_3.csv,Yes,Adam,StepLR:1,0.99,0.001,20,0.42951,166.94418,,,,,
dataset/Stock_3.csv,Yes,Adam,StepLR:1,0.99,0.001,21,0.42896,166.84549,,,,,
dataset/Stock_3.csv,Yes,Adam,StepLR:1,0.99,0.001,22,0.428575,166.77214,,,,,
dataset/Stock_3.csv,Yes,Adam,StepLR:1,0.99,0.001,23,0.428308,166.72085,,,,,
dataset/Stock_3.csv,Yes,Adam,StepLR:1,0.99,0.001,24,0.42812,166.68676,,,,,
dataset/Stock_3.csv,Yes,Adam,StepLR:1,0.99,0.001,25,0.427989,166.66144,,,,,
dataset/Stock_3.csv,Yes,Adam,StepLR:1,0.99,0.001,26,0.427898,166.64444,,,,,
dataset/Stock_3.csv,Yes,Adam,StepLR:1,0.99,0.001,27,0.427834,166.63231,,,,,
dataset/Stock_3.csv,Yes,Adam,StepLR:1,0.99,0.001,28,0.427789,166.62352,,,,,
dataset/Stock_3.csv,Yes,Adam,StepLR:1,0.99,0.001,29,0.427758,166.61753,,,,,
dataset/Stock_3.csv,Yes,Adam,StepLR:1,0.99,0.001,30,0.427736,166.61376,,,,,
dataset/Stock_3.csv,Yes,Adam,StepLR:1,0.99,0.001,31,0.427721,166.61095,,,,,
dataset/Stock_3.csv,Yes,Adam,StepLR:1,0.99,0.001,32,0.42771,166.60897,,,,,
dataset/Stock_3.csv,Yes,Adam,StepLR:1,0.99,0.001,33,0.427703,166.60729,,,,,
dataset/Stock_3.csv,Yes,Adam,StepLR:1,0.99,0.001,34,0.427697,166.60611,,,,,
dataset/Stock_3.csv,Yes,Adam,StepLR:1,0.99,0.001,35,0.427694,166.60554,,,,,
dataset/Stock_3.csv,Yes,Adam,StepLR:1,0.99,0.001,36,0.427692,166.60522,,,,,
dataset/Stock_3.csv,Yes,Adam,StepLR:1,0.99,0.001,37,0.427692,166.60509,,,,,
dataset/Stock_3.csv,Yes,Adam,StepLR:1,0.99,0.001,38,0.427691,166.60506,,,,,
dataset/Stock_3.csv,Yes,Adam,StepLR:1,0.99,0.001,39,0.427691,166.60504,,,,,
dataset/Stock_3.csv,Yes,Adam,StepLR:1,0.99,0.001,40,0.427691,166.60504,,,,,
dataset/Stock_3.csv,Yes,Adam,StepLR:1,0.99,0.001,41,0.427691,166.60504,,,,,
dataset/Stock_3.csv,Yes,Adam,StepLR:1,0.99,0.001,42,0.427691,166.60504,,,,,
dataset/Stock_3.csv,Yes,Adam,StepLR:1,0.99,0.001,43,0.427691,166.60504,,,,,
dataset/Stock_3.csv,Yes,Adam,StepLR:1,0.99,0.001,44,0.427691,166.60504,,,,,
dataset/Stock_3.csv,Yes,Adam,StepLR:1,0.99,0.001,45,0.427691,166.60504,,,,,
dataset/Stock_3.csv,Yes,Adam,StepLR:1,0.99,0.001,46,0.427691,166.60504,,,,,
dataset/Stock_3.csv,Yes,Adam,StepLR:1,0.99,0.001,47,0.427691,166.60504,,,,,
dataset/Stock_3.csv,Yes,Adam,StepLR:1,0.99,0.001,48,0.427691,166.60504,,,,,
dataset/Stock_3.csv,Yes,Adam,StepLR:1,0.99,0.001,49,0.427691,166.60504,,,,,
dataset/Stock_3.csv,Yes,Adam,StepLR:1,0.99,0.001,50,0.427691,166.60504,,,,,
